method,traj_uid,turns,success,task_type
grpo,c499a496-8e55-4ca5-b655-85619f825d31,10,True,pick_two
grpo,0fea6a37-17ac-4156-8ed1-c414ae95fa04,15,True,pick_two
grpo,11e5e5c4-946d-417c-863e-2572087cf1f4,8,True,heat
grpo,52a3b5ec-8ad3-4dc7-9781-1bfac9046365,16,True,heat
grpo,63316cc5-e668-4ea7-bc89-c36783fce3dc,8,True,cool
grpo,dc069c87-336d-4c4c-bb25-83dc710d269d,10,True,heat
grpo,13b19fbf-d185-4f30-bc4d-fe4ceb5fb520,50,False,heat
grpo,35f0906c-807f-47ef-b523-de5351596c8b,5,True,pick_place
grpo,793805f2-df52-47fd-b229-5d8fb20d3daf,8,True,clean
grpo,687ab425-6e0e-44fe-8556-6b007f1f58b5,24,True,pick_two
grpo,724a0368-1a80-4caf-8579-b2817c9ae991,26,True,examine
grpo,c106ced4-8a4a-4cf2-a987-ee44650b0c8c,8,True,pick_place
grpo,6b2c3119-17d8-4fc9-bc4a-7179880e61a6,50,False,examine
grpo,9ec24d5c-b695-4b83-876d-97da4dfdf016,9,True,cool
grpo,22d3d7a3-7bb6-4ca4-ac81-0c481f9ec5c9,8,True,pick_two
grpo,654c6c34-bc05-4d1e-b148-3f96ce1605de,10,True,examine
grpo,d7e662e6-0276-4023-8ba9-767e06d409a2,5,True,cool
grpo,d011bc45-5c6b-4860-afe7-8c09c69c7e58,16,True,heat
grpo,afdbb545-4a44-49a4-a3ba-b29c6c19a81f,4,True,pick_place
grpo,0c90940b-0328-4e59-b3a7-bd31ba91f8a0,4,True,pick_place
grpo,f1de8ec4-f593-4680-9961-5248a32e4a23,10,True,examine
grpo,a23530c3-ecba-46c8-8d50-679eaa2d2e1c,9,True,pick_place
grpo,4b73e177-a7da-4e7a-a1bf-0aa8b5a1abf7,50,False,pick_place
grpo,6492f1bf-8f6d-40ee-bfc9-f0ff87a14961,9,True,cool
grpo,6940a6d1-e5a1-4aa1-89ea-94bd90b9721b,50,False,clean
grpo,cadd1b96-6ae0-4596-aa59-d4b83ed0bcc0,4,True,pick_place
grpo,61aa50ee-f10d-42ba-ac1d-e988f0889b51,7,True,clean
grpo,05d99dea-5068-466c-b246-755c4e59be0e,4,True,pick_place
grpo,f05e88ff-60ad-453e-bfb9-fb98f171130d,6,True,clean
grpo,8786e16b-6176-4f33-a876-4f1c8b6b052f,6,True,examine
grpo,e74c95de-58f8-4a8b-9578-b5481e7ceba2,7,True,clean
grpo,67746bc0-cb7c-4534-9f90-c9c957fba622,6,True,clean
grpo,46108b78-b3f1-4bbf-8df2-5a8f7c457ab6,7,True,clean
grpo,1bc6ed05-16e5-46ee-a8c8-019b42ecca4b,8,True,clean
grpo,ea3544e0-7140-417a-af7a-a5428eedb293,14,True,heat
grpo,af8cbf68-9f3b-40ca-8db4-90cf330f6098,5,True,pick_place
grpo,e418c7d3-a9b8-4bd6-8408-bab4ce88798c,44,True,examine
grpo,9b5d6f7d-e81e-4ba4-a3ba-e85516afb3b3,7,True,pick_place
grpo,43607d72-f4d2-491e-9c78-a714efdba493,11,True,heat
grpo,d13b8473-2fdc-4f6e-a124-7734b6a7b794,7,True,cool
grpo,c00ac14d-251d-4d21-b45c-b2a95353f7f5,13,True,heat
grpo,8ac5254c-fc31-47b4-9ebd-676f3afab155,4,True,pick_place
grpo,fd68c2cf-32ab-41bb-b1b3-d1a8467d4633,9,True,cool
grpo,b9a0daca-6b22-4456-83e2-48db3d27e6c1,14,True,pick_two
grpo,42540af3-f790-4f6d-94ea-e5837b34d1d8,5,True,pick_place
grpo,3fa3c192-2378-4828-ab1c-a514cf9ef1db,50,False,clean
grpo,12db3d78-6b34-47e8-8e41-28f2f0666980,8,True,cool
grpo,113fff36-485d-492c-8f87-61255a91588c,9,True,cool
grpo,11a2a6d5-a71f-4063-9896-e2753b6b5d8d,7,True,cool
grpo,4f29c99c-3dd4-4285-baa1-c08e33c21949,11,True,examine
grpo,bd1678d9-f44a-4678-987f-eb95b4eeec58,4,True,pick_place
grpo,e1a47ea6-9c51-4de9-b09c-d53660be6460,21,True,pick_two
grpo,f16b238d-98b9-47ff-8716-c04394c29d94,14,True,pick_two
grpo,6d069d1a-05ae-4e27-9fc3-1d4adf07bb5b,50,False,pick_place
grpo,5b933ed8-ed0e-4b97-907d-f7f375f0c12b,11,True,examine
grpo,6b05bd04-29d1-4dbf-967f-7e70da8703f9,6,True,examine
grpo,680341ca-c425-4476-b1f5-8415237125b3,23,True,examine
grpo,f613f038-7cfb-47b8-b407-34cc9a07d827,7,True,cool
grpo,51182ac9-cf2c-4ebd-a9cc-5eaee0de014c,4,True,pick_place
grpo,50cb5032-a4ad-4411-9534-3de5cf5836db,11,True,clean
grpo,0fc8f35b-e69d-4e44-badb-683798f054ff,12,True,clean
grpo,0c882a31-e8ac-41ea-a9aa-e33553e63bac,50,False,clean
grpo,35d340d3-4f55-4d79-bf72-b4824260988d,24,True,pick_two
grpo,e74ed78f-8ca1-4c2e-8188-84c46771363c,6,True,clean
grpo,1e895546-54b9-42aa-a8e6-e1dc7fc97163,50,False,examine
grpo,af25dbb7-45ee-4721-b834-a53f7d11cbfc,9,True,pick_place
grpo,96bd9f24-3c13-4d0a-89cb-953741ff49d1,7,True,pick_place
grpo,a0ba08ee-2fd8-4a44-a0ed-586a7b542f1e,14,True,pick_two
grpo,ecbe1e9b-4d41-4392-97e3-d0fb2d0156f5,50,False,pick_place
grpo,f94d4924-2e00-4880-ad93-546da1e9a920,9,True,clean
grpo,13d9bcd7-de5e-4a05-915b-cfd60457918a,50,False,clean
grpo,59e17880-94d7-45d6-a7f2-a7e1f761539a,5,True,examine
grpo,17e5c850-c386-4195-88e1-f758b1e5bad9,23,True,pick_two
grpo,91f7f6ea-2afe-4ceb-be21-2348d0a8f933,7,True,clean
grpo,ee45184c-11e3-412a-b470-12961848ac00,8,True,clean
grpo,1a7258bd-1c8b-4e57-916c-071b0676014f,10,True,cool
grpo,23ca1855-1992-4fcf-b912-4c8eab76b6ab,9,True,pick_place
grpo,a1703c9a-4c03-44a0-a0bd-f94bbf93b937,24,True,pick_two
grpo,e49af4ce-25a2-49df-9d3f-fa68eb81f4e4,7,True,cool
grpo,0fb300ec-952a-4a4f-b451-d3f99e34949b,5,True,examine
grpo,ffacb24f-e519-4064-8d78-631687562feb,8,True,heat
grpo,b4857d30-6435-48e2-8db0-7057fc42a3c1,7,True,cool
grpo,3eea7bab-0216-4f36-85bb-93863de1e464,26,True,examine
grpo,8a0d8e76-5b68-49f0-9dbd-2b6d26c0cfbd,24,True,pick_two
grpo,556907c1-ca9d-47b3-a144-a4373782e396,5,True,examine
grpo,fd885e7e-501c-4c4c-8bb0-85610438f687,7,True,pick_place
grpo,afb0f2fd-fea1-45bc-b304-bac9376394f5,9,True,cool
grpo,7e85b5ca-e9ea-4695-848a-ea0965aa1c41,8,True,clean
grpo,fdfa21e3-aff5-4430-8cd6-583beca862ef,7,True,clean
grpo,33e81818-2837-4b04-b8d8-4667416dcfee,5,True,pick_place
grpo,a83fd8d5-fa29-4258-927c-0e69b8bf4fa4,50,False,pick_place
grpo,b04d06c2-0ba7-48f2-b70f-c78c195638ec,8,True,clean
grpo,c0e047d6-9eff-4460-9065-1dc9f7b8e123,12,True,clean
grpo,40795394-d65d-425b-ba97-883216bf12f1,9,True,cool
grpo,228264c9-f4e8-4e23-a756-c6ee46cb72ed,4,True,pick_place
grpo,faad5f9e-5fa0-4db9-a282-3d4df2587ac1,50,False,pick_place
grpo,2cae0e79-48fc-4d48-b3dd-dc2a613e640f,9,True,cool
grpo,b70afccd-0d07-4ead-acbd-10ad8c72c0e7,10,True,clean
grpo,2c3129b6-f78f-4c3b-a5c1-382036359d93,5,True,pick_place
grpo,f61e900f-63af-4452-a0c7-74c519017b39,8,True,clean
grpo,bb389c52-5b76-4f49-a50e-9074e22b1968,35,True,heat
grpo,bd814353-fbef-4528-888a-83d14808e846,8,True,cool
grpo,c1a01224-f9f3-443e-b4f1-da17cc5e5ad9,10,True,examine
grpo,8bb8d96c-5932-4b4c-b9e1-86915fc0bf59,7,True,clean
grpo,d9d84ab9-98a4-448c-9333-5f584c163354,4,True,pick_place
grpo,f45a6479-1bab-49b1-8aed-d856ce57da18,18,True,heat
grpo,6c8c32e4-13ce-41eb-9585-d408c650f0c9,4,True,pick_place
grpo,0038ed90-134a-4515-879c-e41cae5bdbbd,7,True,clean
grpo,bf596f99-355c-49ee-a0b8-af719d1dc6ff,5,True,cool
grpo,609482c1-99bb-48fd-8c3c-05c61550645b,11,True,clean
grpo,85bc4417-2134-4d44-9a11-236c015c403d,9,True,cool
grpo,f599ff1d-a385-45b8-80a4-9f01a884ae9e,8,True,cool
grpo,20bd0311-1a5e-4d93-8116-51af531d6886,5,True,cool
grpo,518af4b4-648b-401d-a35f-fddad2158834,8,True,pick_place
grpo,99335a8b-3e8b-4569-ae41-6134fcf65dfb,7,True,clean
grpo,549f39a2-fbdb-46bb-9a5b-c0a3b3531122,12,True,clean
grpo,ae093bfd-6a2c-4734-ae69-af639dcbc7b2,50,False,pick_place
grpo,75000e35-98ef-427b-8c4a-780a6cd05fa7,8,True,pick_place
grpo,d8bdd2a7-f6a1-464d-bc18-b17f9ecf35f7,50,False,clean
grpo,109a13e8-5ba8-4183-a56a-a8f4e5355edc,16,True,pick_place
grpo,f5e64f94-5135-48fd-973e-4a8bf2aabed1,4,True,pick_place
grpo,95d9d716-4494-48b3-91fa-a32fbfe5ee66,5,True,examine
grpo,4c3741b6-04b0-4b24-8ba8-67c2e35221f9,4,True,pick_place
grpo,92fdffbf-4a2a-415c-8920-2606a3adbfda,6,True,examine
grpo,340f4196-c01d-4403-8e17-1341c89a054c,7,True,cool
grpo,768b6d3b-057f-4208-9222-4670fb1b2664,14,True,heat
grpo,b683a9a6-8ff6-41af-b3d9-f49085ba0886,7,True,cool
grpo,69aba175-68e8-474a-a8ae-c8bfb0a749f0,9,True,cool
grpo,4a36d685-864b-41db-bf64-38aada0559bb,6,True,heat
grpo,36ed652c-9e2d-409d-999c-2597e1a653ee,50,False,pick_place
grpo,e07fe912-d952-4c1a-a51a-e11dbb92fba2,15,True,pick_two
grpo,c9f861ce-173a-48fe-ad85-6533e1f49fb2,4,True,pick_place
grpo,ec55eaec-4571-4f73-b266-e25a6177cac2,50,False,clean
grpo,c9ae690c-1e50-4f8f-b1cd-d16033c587de,36,True,examine
gigpo,ebf2e6ba-5c09-4b70-a81f-47a9dd402ac3,9,True,pick_two
gigpo,6281edcf-ca5e-44d0-abec-60d70a558896,8,True,pick_two
gigpo,0d12cc6c-66e7-4b14-80bc-2739fd0623cd,6,True,heat
gigpo,a22a3f37-b35f-4400-b851-decbeea961bf,11,True,heat
gigpo,2230c062-c509-41f4-a76c-4577fa9b133e,7,True,cool
gigpo,c0d31546-0bc9-4ac3-a266-a8635e67b377,6,True,heat
gigpo,6a29372b-74bc-4861-be9b-d1c93621c3a2,6,True,heat
gigpo,a3ed81cd-2af5-4436-a079-7961e5eb11f8,5,True,pick_place
gigpo,46ea631d-bdfc-4548-9c00-420cd9d9ffc3,8,True,clean
gigpo,6dd2474f-a996-4dd4-a3fa-fb20f3cdb33a,9,True,pick_two
gigpo,da585daa-6353-475d-9b07-3739191dd9d4,9,True,examine
gigpo,f81a3ac1-7f43-409b-a2bd-4553a831e807,7,True,pick_place
gigpo,5f0091f9-c9d6-4c9e-8c62-5f5a75d297c5,3,True,examine
gigpo,d28cfca2-0a54-4cbb-a2e2-82997a4f7d48,6,True,cool
gigpo,77ae452b-ac6d-4a5f-aeb9-ce4f596714b7,10,True,pick_two
gigpo,dce0eb91-abea-4f70-9ce1-bcdd9005b197,5,True,examine
gigpo,84a04dff-b718-4be1-a353-1960648bf878,4,True,cool
gigpo,be282e05-787e-4c99-bc7a-12a79e0d7038,11,True,heat
gigpo,6db97e95-544d-429a-9a9f-31ab7bfe0bd2,4,True,pick_place
gigpo,0eae7cd9-fed1-46aa-b34d-57302625d31d,4,True,pick_place
gigpo,cb576e70-526a-4f64-a37f-c0e9e215aeb8,6,True,examine
gigpo,7d668da8-62ef-4ab2-97fe-9c8e6fe14d50,7,True,pick_place
gigpo,42131064-61e1-4cf5-b96f-aaf773eeb580,14,True,pick_place
gigpo,a409be6e-54fa-4f89-98b5-ead33b0c4b4e,9,True,cool
gigpo,abf366cf-2673-401e-811a-d6afa06379cd,50,False,clean
gigpo,6ba2fc84-4b42-46a1-85ff-6c46b5eb2004,5,True,pick_place
gigpo,7a99ba1d-24c2-48f5-ac6d-bdd9800ff7b2,7,True,clean
gigpo,0bb3862c-5f03-457e-8453-82ad4fbd52e0,5,True,pick_place
gigpo,428085d4-f248-4482-912c-6515156c0887,6,True,clean
gigpo,8b78e370-e7ab-4e4c-954c-1be42ab4bbec,5,True,examine
gigpo,ba430a29-1621-4226-a654-bf7c213fce97,8,True,clean
gigpo,9cda335a-9340-49e5-915a-f1d6285405bc,6,True,clean
gigpo,85f0f362-e9e5-4908-b13b-28157843d2e6,7,True,clean
gigpo,df3df4e6-9435-4882-8fe2-52bfa649b650,8,True,clean
gigpo,59323919-9065-40e6-918d-c3e1b3e82b15,8,True,heat
gigpo,f73e67b1-490c-4492-bf15-211c2eddd1eb,5,True,pick_place
gigpo,dc7bbfbf-8057-4005-a387-a24b86ad58cb,6,True,examine
gigpo,aab69f7f-f447-4ae6-a58a-3c398029cdb9,7,True,pick_place
gigpo,ab508b85-90cb-4a8e-9fbd-46d3b4301fdb,6,True,heat
gigpo,cf8ef976-4d9f-4047-92df-23e9d96c64a8,6,True,cool
gigpo,d18bb901-092b-40b4-bbc9-dd63cfd7b46c,11,True,heat
gigpo,51613d26-c3f3-440e-82ac-169d580c8697,4,True,pick_place
gigpo,559c798e-a340-4419-bd05-3d42787a209b,6,True,cool
gigpo,f99b943b-38f7-43ad-a368-07273f2cf0f5,14,True,pick_two
gigpo,1cec9707-f567-412b-ae04-c73913fb7309,5,True,pick_place
gigpo,82255006-4ca3-4ed5-a3e3-caa7c6cbe74c,8,True,clean
gigpo,53ba860e-0514-4d01-9495-2c99d5352257,7,True,cool
gigpo,f7da10cd-6cc8-4a43-88b5-5437d3ed97f3,8,True,cool
gigpo,7b47d46e-9b7e-4431-abb9-815c979478fc,6,True,cool
gigpo,76c6e3dc-35c0-4940-aab1-d7bea8384c3a,3,True,examine
gigpo,3c232dd6-3dad-4a4e-a49e-3c9b121f0a6b,4,True,pick_place
gigpo,c5758ac7-994a-4e78-9a13-9f523d5307e9,11,True,pick_two
gigpo,2cd041f3-a950-495f-87cb-914856ad8f68,14,True,pick_two
gigpo,537809fe-e959-478e-8292-350f11936a73,14,True,pick_place
gigpo,f5cb353f-71f0-425b-9b43-0f81e5efeb97,3,True,examine
gigpo,a389d0cb-0505-4484-90ec-bff40a3c8009,5,True,examine
gigpo,c539fde9-4c44-44cc-b07d-3c39b9731546,9,True,examine
gigpo,5f658446-29fa-4c2b-a679-2d21e8eba281,6,True,cool
gigpo,93777b86-da08-48e0-b14e-74f2c36252d6,4,True,pick_place
gigpo,e04e4b39-3817-436a-8275-73c27fefbf8f,10,True,clean
gigpo,c14868da-7d4e-4407-b12a-f21d0153eba1,8,True,clean
gigpo,f9e56d93-9e15-4ecd-b8a1-e3f9fbb9698c,8,True,clean
gigpo,cd564383-d897-4b4e-92db-a020b5f6c3f3,9,True,pick_two
gigpo,58dc1822-94cc-4b11-ab44-671e60c3cd94,6,True,clean
gigpo,226e155e-7daa-4c07-81ec-c0bcef6a48d1,3,True,examine
gigpo,e7588bbc-e05f-4c79-ba69-234edbde6a9f,7,True,pick_place
gigpo,acd33f78-ea60-41ba-a85e-7e730f86091d,7,True,pick_place
gigpo,8e6d50e0-4bee-4b21-92c1-f0a967cb6bca,14,True,pick_two
gigpo,637f3aeb-1e52-4b41-a7a6-4f36c0671050,14,True,pick_place
gigpo,cf2ba2d8-a92f-48b8-a9d5-8a8c14f56ac4,9,True,clean
gigpo,e2e3502e-297c-4df2-a21a-261fad6cbe86,50,False,clean
gigpo,b3d17c46-a57a-451c-896f-a962b39e6813,5,True,examine
gigpo,9d0bbda6-8790-4f51-8641-1a4b0e90550e,11,True,pick_two
gigpo,ea20c02e-96a4-40bc-acc8-98f3f7f7f78f,7,True,clean
gigpo,040b65fe-b5d0-499f-baf9-a9013d1db63d,8,True,clean
gigpo,5b1a4705-569c-47e4-b6b2-4049b4aa437d,8,True,cool
gigpo,1fafdded-fdfc-48e6-b90e-0dd9777fb724,7,True,pick_place
gigpo,16450e97-0960-4e9b-9c72-87874d74dcef,9,True,pick_two
gigpo,40c0c882-5b40-4bab-b343-34704b872c58,6,True,cool
gigpo,0c5cfa21-1b71-4a32-ae9e-2a51abb6f947,14,True,examine
gigpo,68add799-4205-420a-b84b-b02eb878295a,8,True,heat
gigpo,a8f70b6f-7e77-4eca-993e-d2c6ecbaf812,6,True,cool
gigpo,93baa0d6-1cfb-4b01-a117-7dbed1a3da69,9,True,examine
gigpo,975d9c2e-99fe-4836-a9ac-395c6ce6fcc4,11,True,pick_two
gigpo,680b8cc9-1434-49a1-8519-b459ccc8bdff,50,False,examine
gigpo,86a99b13-436b-4215-a9e8-9a545ccc5740,7,True,pick_place
gigpo,8315e2d3-5d58-4e0a-b617-a4bc918cdb85,8,True,cool
gigpo,321f6793-b4e2-4991-ad51-28769d4f2423,7,True,clean
gigpo,651b687e-4bcd-40a8-a1b1-e469856ae2b0,7,True,clean
gigpo,f62cd921-d99a-46bd-8ac4-8f8423dd08b9,5,True,pick_place
gigpo,742dc5b7-80f6-4f9d-bfe9-c51eec7380ce,5,True,pick_place
gigpo,413800b3-0116-432a-b389-00b903b2cb73,7,True,clean
gigpo,7bd59ca3-d46a-4726-9011-9c25d21a05ad,8,True,clean
gigpo,1641a6a7-0524-4489-9b21-f25e5be6918c,9,True,cool
gigpo,349002b4-22c5-4897-b3ca-6f01196f907f,4,True,pick_place
gigpo,a23510e3-f501-4728-a1da-24eea1243547,5,True,pick_place
gigpo,72b87c45-d061-4d7a-9ada-97e9d638e0ec,6,True,cool
gigpo,b8df91e1-7d91-4b99-8a65-0491f2f999d8,9,True,clean
gigpo,756260a5-1908-444b-84b5-3fe181236448,5,True,pick_place
gigpo,726964dd-b725-405c-89f8-15d6bf788c40,8,True,clean
gigpo,23df30fe-cf45-4275-9768-026fb1eac698,6,True,heat
gigpo,3c165330-29c3-4327-9aaf-79da84a048e0,8,True,cool
gigpo,3dfa1527-edae-4a2e-9711-57156c78c16b,6,True,examine
gigpo,461c9707-be09-4a8b-993a-8d87affe92c8,7,True,clean
gigpo,25a9fa76-c91e-4cae-ba8b-44801a461c94,4,True,pick_place
gigpo,2e14a8aa-db49-4ad1-b93e-61b6266c0b95,10,True,heat
gigpo,d0491858-9c9c-4c45-91ea-3f74245a2c7b,4,True,pick_place
gigpo,428e0fd7-e216-4ec0-9ccd-d495b884501c,8,True,clean
gigpo,0aa44d26-8866-44f3-a64a-e86e045fda3b,4,True,cool
gigpo,acbb3f58-d3bb-42ff-a420-0d13407377aa,7,True,clean
gigpo,a55db0a9-a314-499e-9ea2-34720fd6151f,6,True,cool
gigpo,579e7b2f-65a8-4cc3-a3c6-d6c75a367e56,8,True,cool
gigpo,ad662f17-8e41-4368-ab91-e61e886c6671,4,True,cool
gigpo,f4d13548-9af2-48c8-92c1-026c68b3edae,8,True,pick_place
gigpo,f5e9a3c4-6039-4235-b4eb-24dcc456063d,7,True,clean
gigpo,4f1cfb49-fd7a-4035-8490-fbc51c37bb26,8,True,clean
gigpo,5c276336-eb17-49a0-a6af-9e754536c381,5,True,pick_place
gigpo,56392595-0e0d-49a2-83b2-95d2f6799587,8,True,pick_place
gigpo,48a130de-e6c2-4602-8b89-da3b6548ddb5,50,False,clean
gigpo,7ab5403d-3bd9-485f-890f-b235a5ecc6c6,12,True,pick_place
gigpo,df24d552-7ea5-49b0-ab51-6fef2444d182,4,True,pick_place
gigpo,4afaef7b-02bb-4362-a409-425348b55137,50,False,examine
gigpo,be8fc64e-bde9-4728-8914-209456de13ef,4,True,pick_place
gigpo,5b0bd2b1-a370-485c-bd16-95a19c63e70b,5,True,examine
gigpo,51058139-18fc-4b4a-ae2b-916e3776f46f,6,True,cool
gigpo,c5df452f-8a25-4bde-b448-0293e887b38b,8,True,heat
gigpo,56f67e12-5073-44a7-9149-ab9d0bb4274e,6,True,cool
gigpo,c1375b40-eb92-4a5b-8e92-e58f75821510,6,True,cool
gigpo,a823f0b2-0395-426f-8ef5-2acb750395c2,4,True,heat
gigpo,5f700cb9-1867-4f0a-aa6c-c1cebc8890c6,50,False,pick_place
gigpo,36786cae-ccc6-436a-868f-f7c5fc2da5cb,8,True,pick_two
gigpo,eb272c27-5e2b-42fa-b6d2-0bb67efceb55,4,True,pick_place
gigpo,6997df61-e9df-4acf-8f18-c6fe1d3c0b24,10,True,clean
gigpo,7a6455ae-5512-48f6-963f-5b5b4fba5ce9,8,True,examine
turn_ppo,46e36a98-1e96-4809-a46b-8d5de967ad8c,8,True,pick_two
turn_ppo,a64d6416-472a-4978-81a9-46933ec52723,8,True,pick_two
turn_ppo,52b6fe09-5730-4c9c-9dc6-a73150a3240f,7,True,heat
turn_ppo,cf329b0a-891f-4e74-9adb-d3e98791e7cc,12,True,heat
turn_ppo,aa39d2b3-6a78-46b8-9a0d-f7400499c823,7,True,cool
turn_ppo,043c79a3-bfe3-407e-a18e-4be302c4c5bd,7,True,heat
turn_ppo,c6a7e174-c8e8-4904-a313-bbb45252e9a7,10,True,heat
turn_ppo,26bcc80c-8a96-4a75-8eb8-0ff2321ac143,5,True,pick_place
turn_ppo,fe73b967-4f24-410a-84f4-17db5ae21d73,8,True,clean
turn_ppo,8a0c36a4-2aed-4298-a024-58988bffb5c6,32,True,pick_two
turn_ppo,971b84ea-7783-4432-9ac3-5a1a0d7aba30,15,True,examine
turn_ppo,3d7210e5-f05d-45ed-a5c3-2228e7c6cd9d,7,True,pick_place
turn_ppo,bfc66826-963f-41d8-b647-9d03cee0e685,5,True,examine
turn_ppo,782a7302-9af0-4dce-a16b-e4995b4a3678,8,True,cool
turn_ppo,742028ad-e8bd-454c-a892-7f8476d4da4e,9,True,pick_two
turn_ppo,64b430c4-165c-4440-9c49-60488e9d97eb,6,True,examine
turn_ppo,ee7c0f74-1d2d-4512-a775-2b2c226cd742,4,True,cool
turn_ppo,9542f448-a87a-4168-b896-1d344ee4d2dc,10,True,heat
turn_ppo,44284699-116b-4c5c-802b-6d09f5524200,4,True,pick_place
turn_ppo,0ad618db-c270-465c-b7e7-61ed7146406b,4,True,pick_place
turn_ppo,52c5acdf-9d28-4976-a4bf-37bea17103d3,7,True,examine
turn_ppo,09b459ce-3ef4-461f-8389-009aa2ce7236,7,True,pick_place
turn_ppo,2832eac7-d052-4cf2-bb66-6380ae30277b,16,True,pick_place
turn_ppo,8a120ccb-34e1-40f4-a160-f3ef1adf527e,7,True,cool
turn_ppo,9d8b41c9-2b37-4782-94de-35c71cdadf65,43,True,clean
turn_ppo,a41d10d6-822f-4d19-9aa9-05c9f5844681,5,True,pick_place
turn_ppo,f4cbf918-27ab-49e8-a12e-aa38f4b10d46,7,True,clean
turn_ppo,e877af6c-9a9b-40ed-873d-451d48a36233,5,True,pick_place
turn_ppo,966ab5b6-0356-4bda-a177-892eae155106,6,True,clean
turn_ppo,5b95a807-3394-4f2a-9d5d-736fa5c92d37,5,True,examine
turn_ppo,8f8a5cc1-6e74-4013-99ed-876f97643a97,7,True,clean
turn_ppo,901344be-9775-4d52-adbf-50bc47cae27a,6,True,clean
turn_ppo,9d8d330b-7a4f-4473-beb8-4e86562c2ef6,7,True,clean
turn_ppo,a1c0d9ee-a7d2-450f-b406-8524b8fca6a8,8,True,clean
turn_ppo,42e91345-4217-491b-a33a-64e2f0309d3c,12,True,heat
turn_ppo,e699de6b-df0d-4e03-ad6b-cc88d4793c33,5,True,pick_place
turn_ppo,eda36dbc-cc68-4279-93ec-9b9f9394f375,6,True,examine
turn_ppo,31d6471c-c56f-4a1a-bc65-21876cefdbeb,7,True,pick_place
turn_ppo,43bace3a-a8da-4e73-b852-b647923bb553,8,True,heat
turn_ppo,3a654422-1f14-4637-b4f9-7d88e313b254,6,True,cool
turn_ppo,f973a1ca-fa83-4b6a-aa97-5fc74f7fbb2e,18,True,heat
turn_ppo,c2fd560e-8aed-4f3c-b840-406b66e9260f,4,True,pick_place
turn_ppo,e5b7fbd6-588e-4cc2-9d7d-bbd6608a2a3d,8,True,cool
turn_ppo,f0e81dbf-74b2-4785-8ee0-a632581f2229,14,True,pick_two
turn_ppo,b4e8c6ba-521a-4d18-b168-52388e16ccb9,5,True,pick_place
turn_ppo,13e82fd6-20ea-4d19-8983-f875939b57b3,8,True,clean
turn_ppo,d7a05d2f-c212-4a37-8453-d7ca06715a35,7,True,cool
turn_ppo,d11ffb18-b204-4216-816d-2062cc1f0444,8,True,cool
turn_ppo,296b5c1e-d370-4ca5-8781-6725f5b99013,6,True,cool
turn_ppo,663e6367-0c65-4363-951d-b4ef1c915704,8,True,examine
turn_ppo,c25a45e7-0e91-4da0-92cb-8810b3d5fd06,4,True,pick_place
turn_ppo,61b37dc3-5f26-4d41-ace7-223639ebb16b,13,True,pick_two
turn_ppo,60d38bef-0f5a-4317-8be4-66a60a3a1137,14,True,pick_two
turn_ppo,9873637d-856c-492d-b681-0477861eb830,16,True,pick_place
turn_ppo,fac7f832-8085-495a-9da6-d06743de99ab,8,True,examine
turn_ppo,2ee869b8-f469-4603-a0ee-019b76deb7f3,5,True,examine
turn_ppo,42d1a2c5-c099-480c-8344-b6801898b239,15,True,examine
turn_ppo,26280500-0ab8-415b-a902-880ad210ab38,7,True,cool
turn_ppo,c7a6de01-e5dd-4821-9203-0a38c0a9defc,4,True,pick_place
turn_ppo,c6a1c386-7417-4045-bb1d-65033ee260d1,50,False,clean
turn_ppo,4c205a12-6a2d-4037-906b-599138868efd,35,True,clean
turn_ppo,6995e30c-303b-48d8-a631-2de3c3aec077,8,True,clean
turn_ppo,91f69b2a-0730-443d-bd7b-90c7613ebacf,22,True,pick_two
turn_ppo,756de603-94a5-4bdc-b911-8d2962419001,6,True,clean
turn_ppo,e3c90136-d086-47e4-9f30-938e79375996,5,True,examine
turn_ppo,feefb73b-5136-4a17-88bc-00b3b3ef21c6,7,True,pick_place
turn_ppo,4b701033-39da-4c0d-990c-65e072e22b0c,7,True,pick_place
turn_ppo,dd786c1e-1772-4a41-a496-7cc6844e9563,14,True,pick_two
turn_ppo,37cfe411-0bba-403c-b9be-9196f5afee1a,16,True,pick_place
turn_ppo,de9bc935-8d7d-493e-8289-c16cf32890c1,9,True,clean
turn_ppo,046c79f9-f064-4b0d-a7b2-addbe9a2cc9f,32,True,clean
turn_ppo,c278d067-f754-4d10-aaf1-488c95e8766f,5,True,examine
turn_ppo,eb80ba5f-31f2-4b2e-808c-39f56d63b84d,23,True,pick_two
turn_ppo,04c3b753-9dfe-4f7b-a865-5b8fbd66e2b0,7,True,clean
turn_ppo,6c17ef66-fa2a-4c7d-8a54-b81dc616bd64,8,True,clean
turn_ppo,ec1008b6-6ea2-434c-8fc1-a67b47d1cba2,8,True,cool
turn_ppo,5c44581d-5494-413c-a69c-1f0ddc982998,7,True,pick_place
turn_ppo,ac0e693b-1a60-4a19-bc80-b700ef727fee,32,True,pick_two
turn_ppo,4ab180a8-d55e-4af1-b57d-f609f3d788fb,6,True,cool
turn_ppo,48ea80b7-f2cd-412d-ab92-af524574c1f8,5,True,examine
turn_ppo,ab7cf9cf-c712-4f61-a304-3bd482e39ed6,6,True,heat
turn_ppo,f363b12f-ca64-4b71-81a5-4baa8f8aef58,6,True,cool
turn_ppo,01386d88-35fd-4917-b18f-c1a1a84aefbb,23,True,examine
turn_ppo,96a4356b-b132-4cf7-bca8-623d86f3e578,11,True,pick_two
turn_ppo,a22dc914-b0da-4577-ba08-d1658fadaf5f,5,True,examine
turn_ppo,138316f0-fbb4-4979-a699-739a9a8dd061,7,True,pick_place
turn_ppo,de2cd025-44de-4004-81aa-091a175f914e,8,True,cool
turn_ppo,39c521a3-4311-4736-8970-f8ee3ccc05c4,7,True,clean
turn_ppo,bf014d2d-8bdb-4da6-9d43-8ca38e193ba5,50,False,clean
turn_ppo,b1b07e21-b13b-4b17-bfdb-9dcc0e7cd993,5,True,pick_place
turn_ppo,33719246-a118-483a-8aeb-87ad993b497f,5,True,pick_place
turn_ppo,37d8f68e-66d8-420b-9df8-72453ea82be4,7,True,clean
turn_ppo,d24defed-e2e1-41ec-add9-b497bf5b3a4d,35,True,clean
turn_ppo,079788fa-fb2c-422e-8864-7f987062ce56,7,True,cool
turn_ppo,f66144c2-25a2-403c-b7d0-0fdc730a5882,4,True,pick_place
turn_ppo,b15e6e0c-fb72-4b78-abbf-22335280cf6b,5,True,pick_place
turn_ppo,369ce31e-60f4-42f5-811e-6139beb449e7,8,True,cool
turn_ppo,6a20e23d-70c3-4311-ba6e-7f1469f24753,8,True,clean
turn_ppo,693521fb-929e-4416-8341-37ef1e6e1b44,5,True,pick_place
turn_ppo,4c357487-1cd4-4c07-a14a-cd84d459b8af,8,True,clean
turn_ppo,c79ae400-51b9-41c8-8d5b-3445dc54e6f8,10,True,heat
turn_ppo,eff5dea9-c58a-41ed-adcf-9e8efed19064,7,True,cool
turn_ppo,76d977d4-cac4-49c6-ae0e-f88bf05f66d8,7,True,examine
turn_ppo,e36d4915-a225-48e5-916b-a0c4928f7463,7,True,clean
turn_ppo,7cd31d86-3d55-406f-a2ae-c2c65e417a4d,4,True,pick_place
turn_ppo,c0705cb2-7c2c-4546-819b-377bfca3cd57,10,True,heat
turn_ppo,25a19b33-c361-4c24-a22f-c5141d767d8c,4,True,pick_place
turn_ppo,8a0a3a04-70e8-4c5b-b7f6-b582a48b50a8,8,True,clean
turn_ppo,193b3650-7523-49ae-b830-4be5dbd09bae,4,True,cool
turn_ppo,804ddae8-92e3-4ee9-b2cd-8e161680986e,9,True,clean
turn_ppo,11dcc70c-b8de-4e5d-b21e-cba2b85a1246,8,True,cool
turn_ppo,cf3ffbc7-f22b-431b-b2f3-adc26f2c87a4,7,True,cool
turn_ppo,96144cd7-73ad-4648-99a9-7f4802871a76,4,True,cool
turn_ppo,8733682e-e686-4794-8f39-ead1e7229210,6,True,pick_place
turn_ppo,3e7335c5-e994-4ba7-8214-b0ea6ce0b31a,7,True,clean
turn_ppo,16bb2398-f8f2-4bba-a22c-8e640a578bb0,35,True,clean
turn_ppo,c2e0f46a-f1bc-4219-9613-dd40e50d4784,5,True,pick_place
turn_ppo,d94acfa4-41f4-4360-abec-6b0bdca5665a,8,True,pick_place
turn_ppo,c0db6369-60ff-4486-8ee9-8b0ac7192a38,50,False,clean
turn_ppo,45aeae1d-fae9-4b24-9ecc-18ddad11f923,12,True,pick_place
turn_ppo,f9b742e8-ef47-481c-bf8b-4957e88bfceb,4,True,pick_place
turn_ppo,669b4947-4f14-43cc-bab2-cca768002c27,5,True,examine
turn_ppo,e93a3ba7-e664-4798-9336-f95dad8bc7b4,4,True,pick_place
turn_ppo,0bd70dac-9d8a-4d88-b38f-a20fd0722e9a,5,True,examine
turn_ppo,890226a9-c71c-44d6-b187-2d2a02117aeb,6,True,cool
turn_ppo,c700e3c9-fa96-4d86-8557-ee259c31bd10,12,True,heat
turn_ppo,50cbdd07-c59f-4cd9-8ff7-cd9e2c9c046e,6,True,cool
turn_ppo,7b1af9cc-6b91-40a7-95fb-3707eeeec613,8,True,cool
turn_ppo,078a2dbc-4174-463d-b26c-008d707e2647,5,True,heat
turn_ppo,1720b546-d440-441d-8d99-d1412d0bba79,50,False,pick_place
turn_ppo,1cb23813-adb6-4d51-964f-1667192abefb,8,True,pick_two
turn_ppo,a9963224-311c-48dc-be61-f1c120ebcdda,4,True,pick_place
turn_ppo,b7a3b860-c00a-461f-babe-cfa3a80f46c8,50,False,clean
turn_ppo,c2a9eb5e-0721-42ea-976c-4b0cc0e9b60f,20,True,examine
token_ppo,f4b1a554-5ca7-40c6-b4f4-1c18f17153bb,8,True,pick_two
token_ppo,e524c0fd-8d71-4bfd-89af-e3f9f9584367,12,True,pick_two
token_ppo,25d5082b-0b94-434d-b150-1b5e820731b1,24,True,heat
token_ppo,1f9e55fd-90a9-4845-924b-6797ccff382e,50,False,heat
token_ppo,54e54b42-6c95-4247-80d9-43d4fc56f5a2,50,False,cool
token_ppo,c6767bd3-da59-4e68-a7f4-a3442b75daab,32,True,heat
token_ppo,b21f027d-e363-4795-b7b1-6adf27ee2f77,38,True,heat
token_ppo,d0372d4c-f7ce-4985-a10e-d294cb539e40,8,True,pick_place
token_ppo,9be275a7-4342-4a86-821b-c622b8813713,21,True,clean
token_ppo,0e077e84-b789-4a95-be2a-e0b3134ecd4f,36,True,pick_two
token_ppo,fcc7cc8e-fa8c-4b8f-bbe2-21556cc888e1,12,True,examine
token_ppo,ec39d410-34fc-49ec-b0b2-4b68fb79030b,50,False,pick_place
token_ppo,122b7da2-8c28-4e56-b266-99eab1adab2a,22,True,examine
token_ppo,a61c3b28-5676-4f34-b633-fe72b140ba4c,50,False,cool
token_ppo,c35e98b4-1ae4-48de-8f10-426dcdcb857c,8,True,pick_two
token_ppo,ca1c2293-d376-4036-bc62-e08586ac909e,4,True,examine
token_ppo,1b4217fa-8d21-44e0-aaad-7fc88c794b4e,50,False,cool
token_ppo,01100bf5-96ea-49db-af99-bf58f1c458ef,50,False,heat
token_ppo,0845e70f-d0d3-4bb3-9d27-52b1cd4bc42e,4,True,pick_place
token_ppo,cfe452c4-a4c1-442d-843a-2cfce2ecd370,4,True,pick_place
token_ppo,6c89978d-4aa7-4fda-a9cc-850f0b322a5a,5,True,examine
token_ppo,317b55fb-35af-4d45-a1cc-4e7f05df67e3,50,False,pick_place
token_ppo,6ffea011-e65d-4b4a-93e1-a2a5d7153455,10,True,pick_place
token_ppo,253780b9-5789-4ab6-b545-3efdf9804382,50,True,cool
token_ppo,fddc94b7-74b3-4008-8610-d929fe71b482,31,True,clean
token_ppo,96d955c4-f02c-4000-a12f-1f8fb7d8cc2e,4,True,pick_place
token_ppo,f0240b1b-a10f-4e17-821d-de4b1d95e6be,23,True,clean
token_ppo,39105b0b-9119-4ad4-9528-2e8c6ed8766d,4,True,pick_place
token_ppo,392e2d96-5c9a-444b-9d2e-76809c7aa544,11,True,clean
token_ppo,0e42f2a8-8d2f-4b77-89eb-f88029232367,5,True,examine
token_ppo,06293d71-805f-4e78-88d4-9648265481da,11,True,clean
token_ppo,8f8faa4d-3da2-48fb-8769-209bb3f2f39b,11,True,clean
token_ppo,912d2169-7295-43d7-a250-6f82b3c40040,7,True,clean
token_ppo,2d77bf3a-84f3-488a-8377-3a526d42d481,21,True,clean
token_ppo,252f7378-f6b7-480f-9a24-f798ecceb001,43,True,heat
token_ppo,15b66a34-acb7-412b-992b-0665de888510,11,True,pick_place
token_ppo,0001b63f-4fc8-4b7d-b54d-33e36e4407bf,4,True,examine
token_ppo,a4dbcd58-1cf2-413b-9285-553051abb82b,14,True,pick_place
token_ppo,9e06a228-b520-45ac-b017-0c0980d059b8,34,True,heat
token_ppo,5e213e81-1f4a-4f5c-9218-9733b5b514db,50,False,cool
token_ppo,063e83ed-a6dd-4257-87f2-aa80c7ae94ee,50,False,heat
token_ppo,a633835c-6241-4f93-aa72-96b2aaa46b28,4,True,pick_place
token_ppo,3f293aed-3e4d-45a9-aeb7-e0a77786f47e,50,False,cool
token_ppo,c7e3c8e5-8cc9-4e75-94da-b4b6a7e2d9ec,16,True,pick_two
token_ppo,6f0f6789-819f-44ec-8a8c-82a0113aeca3,8,True,pick_place
token_ppo,c58f7969-56d3-446e-a640-48605f76a8da,12,True,clean
token_ppo,21e0f0d9-8edd-4016-8e9d-76f2a5029c67,50,False,cool
token_ppo,24f8f38e-c53d-44a9-aac0-b2f6fd6fd57b,43,True,cool
token_ppo,8e68cb82-6689-4de3-9661-5725c318b61a,11,True,cool
token_ppo,b8ea0320-1b98-4096-b21d-ccdb745704d0,9,True,examine
token_ppo,532e2d47-6c18-4b37-9699-7e4ecebd0ff9,4,True,pick_place
token_ppo,4feedae8-48e1-49ed-a4ea-beb1d2debacb,32,True,pick_two
token_ppo,08958e2d-c4c1-4cb6-a2c2-d3e167c79783,16,True,pick_two
token_ppo,d4e8aa1a-0ade-4bac-ba8c-b7b3913ae810,10,True,pick_place
token_ppo,8e74796a-defe-46c9-8642-cc238ffa03e8,9,True,examine
token_ppo,169892c7-8245-44f5-b16d-c8742ae7cfe3,5,True,examine
token_ppo,416c7bd9-50ad-4d5d-b8d2-4c9d0617aaf3,12,True,examine
token_ppo,a7d72626-5fd3-4e58-826e-24334bae17e7,50,False,cool
token_ppo,085efa61-f76f-426d-910f-8a5082ba6480,4,True,pick_place
token_ppo,3f9180cb-9360-41b6-aff3-ed593cf99db9,50,False,clean
token_ppo,a3ffab50-83ad-4411-a351-d3b44c6b3c58,50,False,clean
token_ppo,33e0acc1-a449-49fa-8448-0fd75197ed7f,12,True,clean
token_ppo,1dbb5d58-161c-4c59-9e02-acb83094bfa7,36,True,pick_two
token_ppo,ef7b6a53-354f-47d8-85de-d97035ac6a82,11,True,clean
token_ppo,75c1a03f-100a-4a30-a614-223d4c4a049e,9,True,examine
token_ppo,da1c806d-d89b-4da9-aac9-7c8d04283f20,42,True,pick_place
token_ppo,b6cabd1a-f301-4ed4-884a-58a6dfe927e4,13,True,pick_place
token_ppo,b4026fa4-431c-4ddd-99ac-bb2b4895a3f9,16,True,pick_two
token_ppo,d21694af-cd53-4c18-befc-cf1e4cc268db,10,True,pick_place
token_ppo,6957cd72-7ae8-4c00-a912-b2a35b4a9c5b,9,True,clean
token_ppo,44286309-d891-4bb2-b2f1-f98458b49cca,31,True,clean
token_ppo,fa758ecd-2b33-4f4d-a7b2-c506c56a1628,5,True,examine
token_ppo,2dab064a-f984-4567-bc32-fd1af96d8409,33,True,pick_two
token_ppo,18310a4a-fe65-4052-add7-6414b716d481,23,True,clean
token_ppo,81605faf-482f-49b8-86d5-c615f3df3c5f,21,True,clean
token_ppo,6605f2e9-429b-4469-923f-d13991a09925,50,False,cool
token_ppo,3b07fcd3-f9b9-4b7c-95b8-61657c1aadd1,50,False,pick_place
token_ppo,e4c1b1a0-e7d3-4b20-a319-7bf157794bda,36,True,pick_two
token_ppo,73c1a2a9-846f-492f-9550-131f6cfcc949,50,False,cool
token_ppo,3b2c4463-cf5a-4915-88c9-2a79f1a0252c,5,True,examine
token_ppo,87733b36-30ae-45b4-9810-b452f7d6ab3c,37,True,heat
token_ppo,94390bd8-8004-4fbe-99a1-4971c5cd2e39,11,True,cool
token_ppo,dca9970c-f9b1-4bc5-a53d-0f589e3f3a54,12,True,examine
token_ppo,eb61a0b8-d12f-4cf8-b48f-2382086f5aed,50,False,pick_two
token_ppo,fe81655d-f454-4496-9187-3bc51deffa48,5,True,examine
token_ppo,0f09c04a-308c-4da8-8868-ee5c47f6ba2d,13,True,pick_place
token_ppo,97ff0a1f-e54f-4235-b407-d468e9e6aa1b,50,False,cool
token_ppo,f356f0a7-ac27-45c3-a502-63dec6915227,7,True,clean
token_ppo,2416583d-5b60-4dae-a0c8-474af1fb1b72,7,True,clean
token_ppo,5111a301-cd1d-41bd-a69d-1868605da8f3,6,True,pick_place
token_ppo,67f58c65-6671-4b53-89f5-2bd13f1fa9ff,19,True,pick_place
token_ppo,b7ec2583-1521-459a-90d5-ac43ae923eae,7,True,clean
token_ppo,869dfa58-2b93-4da0-999c-2ff5169b18cb,50,False,clean
token_ppo,5fd0a18a-5ac1-44e9-a5e2-99a352bde032,50,True,cool
token_ppo,6d9b3e88-0b97-4859-b84a-0f814020edbf,4,True,pick_place
token_ppo,1e7cef28-bed6-47b0-9430-c2ab68a4f1dc,19,True,pick_place
token_ppo,fb4af04b-a9e5-49bc-8b4c-a0cb163bf942,50,False,cool
token_ppo,de6e0095-701e-42a2-a826-ec789dac4019,50,False,clean
token_ppo,0856f53b-2274-43f8-a31f-86c2bbd82e7a,11,True,pick_place
token_ppo,0f0b3404-4fde-4a04-a336-9f26139c4f1b,8,True,clean
token_ppo,bfe099a1-318d-4817-ac7d-6b687852e0c2,38,True,heat
token_ppo,4d1681ad-340a-4236-920b-683883cf5d98,50,False,cool
token_ppo,eb75f84b-dc77-44bf-afdd-ed6e6c326d6a,5,True,examine
token_ppo,b7944874-43c6-4fc1-92d7-3837fe30d6ee,7,True,clean
token_ppo,14fd7178-317c-41ba-8105-2a8740cd4a52,4,True,pick_place
token_ppo,c2c84435-8130-43d1-ad57-166fe7b4f45f,50,False,heat
token_ppo,10a5e539-48a6-4ae2-8e22-6118af27384a,4,True,pick_place
token_ppo,b974a370-304f-4d2d-a68d-23f5f3ae70d0,9,True,clean
token_ppo,bd7599a7-06ce-4e8a-ae1d-f7895fd46a0f,50,False,cool
token_ppo,fa07c87f-3550-4a00-9a42-649c85e28762,10,True,clean
token_ppo,d6f244f8-6483-4917-bbea-bd35cef7411e,50,False,cool
token_ppo,a34bf661-70b9-478c-afc9-9503256b48e6,50,False,cool
token_ppo,e2be9f78-2290-49c0-a030-c38bac33b3fb,50,False,cool
token_ppo,fedbcfe6-95c6-4932-84c7-cf38d2cbbdd4,47,True,pick_place
token_ppo,aba110a4-4290-4d4e-86ac-fb4ace4db066,23,True,clean
token_ppo,206e87be-37c5-4418-b5f8-3357a1cdd8e8,50,False,clean
token_ppo,61438fde-1398-49c4-9f6a-6681add4be76,19,True,pick_place
token_ppo,f0465922-0f43-437b-8859-c43f4e59e9cc,33,True,pick_place
token_ppo,83aa9fe9-d269-4680-bc31-33f83e2d3825,31,True,clean
token_ppo,1c71803d-35d9-4ea2-83b1-2c125f98bbd6,50,False,pick_place
token_ppo,26448599-256f-4e71-8c55-653720f3ad6c,4,True,pick_place
token_ppo,3f910ff3-2a78-48e7-9504-e5694cee5082,5,True,examine
token_ppo,42a2b453-fb5d-45dc-9c3f-1be3847a6b31,4,True,pick_place
token_ppo,66bcf209-6a46-4fe3-b0e6-70e58a72157a,5,True,examine
token_ppo,9db22754-74bf-4d7e-b870-e33686dacce2,11,True,cool
token_ppo,da5bcfc4-2e82-49d5-982d-7d571c319e9b,43,True,heat
token_ppo,563a50e2-c9f7-4020-b0e4-147a6217d8b3,50,False,cool
token_ppo,4ba821a6-d4f3-4898-bf3e-29fd0de46113,20,True,cool
token_ppo,04e28e3c-6a87-439f-945f-58f4b2068bf4,50,False,heat
token_ppo,a1fa275f-338d-43f6-9a5d-9ce8461a44d8,25,True,pick_place
token_ppo,2401c319-3da1-4162-aa8d-1390cc019784,12,True,pick_two
token_ppo,c84dcb3b-6699-47ec-9b71-d622e2ad5531,4,True,pick_place
token_ppo,c35aa9ae-2f31-45e6-a338-d4440fcbd2b3,20,True,clean
token_ppo,15653e51-c4fd-442c-a9e6-0003a53515bf,10,True,examine
hcapo_buggy,1d3cf2e9-61f6-4953-a49f-b13722ff4697,11,True,pick_two
hcapo_buggy,e5acaa05-d8c3-40bb-94a2-1fc4a4ada006,8,True,pick_two
hcapo_buggy,889ec00c-2d37-426e-904a-e22647eeb049,8,True,heat
hcapo_buggy,f06cfe83-1f19-4938-a9c0-bc15494458c5,10,True,heat
hcapo_buggy,a17042f4-a155-44bc-8af1-0f0b18f11f4c,8,True,cool
hcapo_buggy,2b4b7dc4-d399-4e59-a7fe-7108e51aa083,8,True,heat
hcapo_buggy,492e41b7-7822-41ab-b5b2-3b492a77b2b6,11,True,heat
hcapo_buggy,8655a237-e743-4d36-8943-8d1ed318789d,5,True,pick_place
hcapo_buggy,aa6ce9e8-3fb2-43b5-8ada-24d26cd25f0e,8,True,clean
hcapo_buggy,bc7b731c-efd6-4308-b050-5d35b91d1026,24,True,pick_two
hcapo_buggy,b065efbb-9de6-4796-b586-dd04e39d0c4e,50,False,examine
hcapo_buggy,f0481ec7-b177-4b06-b4f8-0f08e660c7de,8,True,pick_place
hcapo_buggy,512ad077-c1d5-4267-ba8e-e9f6a5fc1b7f,50,False,examine
hcapo_buggy,e439c754-076c-40b4-869c-f2302a161ed5,8,True,cool
hcapo_buggy,7e393497-ed6a-47ca-acdb-1ebf98600e53,10,True,pick_two
hcapo_buggy,00df64e3-24b3-4be1-ad30-c75daf72c4db,8,True,examine
hcapo_buggy,fc530a2c-f498-429d-9e12-66442800cb62,5,True,cool
hcapo_buggy,55bd6433-1ae6-4a9d-854b-aa56a183d964,10,True,heat
hcapo_buggy,a117e3f9-e94c-473a-bffd-eff49866eae1,4,True,pick_place
hcapo_buggy,ddbcf198-a5ce-4568-a4c5-907601140f57,4,True,pick_place
hcapo_buggy,0aab1c7d-4502-44b5-8f32-1d273b482a42,50,False,examine
hcapo_buggy,31d96325-2639-4c69-9248-4c18d143a392,8,True,pick_place
hcapo_buggy,dcc89ecb-a648-4eb8-b7d5-e26dd66210df,50,False,pick_place
hcapo_buggy,a7bd8b95-744d-48a9-9a8f-0587c80fad17,7,True,cool
hcapo_buggy,cf707e96-52e9-4e72-9446-67bcf527f434,50,False,clean
hcapo_buggy,1bebb5ac-14c0-48bd-a639-5eb6eef3cfd5,5,True,pick_place
hcapo_buggy,4b635289-ea44-4d7c-94ec-a4c6fb20b1a2,7,True,clean
hcapo_buggy,ce2f1be0-19ed-4abc-857e-22f1431f2b7e,5,True,pick_place
hcapo_buggy,27c6929e-d5e8-4ce3-8013-7e6a6f0411ce,6,True,clean
hcapo_buggy,6c90651e-4018-4661-b1b5-9b6bc7146e52,7,True,examine
hcapo_buggy,60e04d23-095a-48d4-861d-0359b0997a8f,7,True,clean
hcapo_buggy,b9dfa54d-70d3-4ac8-b404-8feb637ff5ab,6,True,clean
hcapo_buggy,23063c4a-dfc3-42ec-8f03-7c0b5b5444da,7,True,clean
hcapo_buggy,4fcd0fd5-7b8f-4e81-9523-29aa8810a371,8,True,clean
hcapo_buggy,bb5728bf-e81a-4a53-a157-9697ec59c525,30,True,heat
hcapo_buggy,865a8745-3534-4846-8d75-861d9c8f3a74,6,True,pick_place
hcapo_buggy,eca2806b-ad7d-451e-bc83-968fb01d9002,50,False,examine
hcapo_buggy,98e655e6-c79f-42af-8a21-d19965a2f34e,7,True,pick_place
hcapo_buggy,12b80cb1-e3b5-4dde-bc55-b0de97be482b,10,True,heat
hcapo_buggy,a16eed1b-1422-46e7-be13-8d2997dbce8a,6,True,cool
hcapo_buggy,37c93986-098f-46b2-bede-de8c1008d8bb,50,False,heat
hcapo_buggy,3116b064-c905-480e-8618-3ab72d786a1c,4,True,pick_place
hcapo_buggy,34acfa1b-52c2-435e-81cc-c469a1d672c7,8,True,cool
hcapo_buggy,87fe354f-7539-4c14-811d-1ff3812f5b01,11,True,pick_two
hcapo_buggy,8d1d6c18-446d-4764-874d-b808aaae9931,5,True,pick_place
hcapo_buggy,81155f13-634f-471f-b481-71d153e340db,8,True,clean
hcapo_buggy,7111b727-6fba-4587-9ed7-2b04be0f0957,8,True,cool
hcapo_buggy,851625b9-c6c2-4316-b70a-af76d6ccf15e,9,True,cool
hcapo_buggy,940c18c8-85d6-4cb7-b49a-c3ea3ae4656a,6,True,cool
hcapo_buggy,4f6fe873-b6c5-49bd-baf2-9eca6b0f3866,50,False,examine
hcapo_buggy,dd5641c0-f6c9-4e29-a540-d2f4a0a9894c,4,True,pick_place
hcapo_buggy,cc662fac-0a4a-41cd-92ab-b9b77a510af0,50,False,pick_two
hcapo_buggy,999c8060-2d2e-4bc7-89e4-287025036a08,11,True,pick_two
hcapo_buggy,519a0b20-af6b-4df7-a9a5-7d22859ae4c8,50,False,pick_place
hcapo_buggy,7f29ed10-a56b-4d34-a050-8658524a593a,32,True,examine
hcapo_buggy,28cf95d0-405a-4b80-a6db-54172aeea4a8,7,True,examine
hcapo_buggy,d2c138d0-8985-4ed1-ab30-10d3d7ab918e,50,False,examine
hcapo_buggy,06e2f88b-9424-4f4d-a3cf-055949a632a1,7,True,cool
hcapo_buggy,2050c997-6741-4720-b5e5-abe17ef3795a,4,True,pick_place
hcapo_buggy,5df886f4-067e-449a-83b4-51403d6ee064,50,False,clean
hcapo_buggy,2379ec10-1b1c-47bc-bb64-0eb0942c17fa,50,False,clean
hcapo_buggy,028128be-bb81-4e86-9067-94009d3a773e,8,True,clean
hcapo_buggy,87899b22-a5ec-4f96-b3aa-06f92e0c6628,24,True,pick_two
hcapo_buggy,7f0bbf76-13f9-4ef4-b19a-2afb0c2baa04,6,True,clean
hcapo_buggy,3cf6dfe0-ca3b-49dc-99a8-4d9cdeeb477a,50,False,examine
hcapo_buggy,e7446faf-b278-480b-91d7-7a933ab04cbe,8,True,pick_place
hcapo_buggy,a92f4200-69e3-4170-b9a7-98ba94667531,8,True,pick_place
hcapo_buggy,5394ed3c-b052-49ab-8c28-0dfaa644ec5a,11,True,pick_two
hcapo_buggy,c53bc04a-5005-416b-b4af-19cb3e1ec25b,50,False,pick_place
hcapo_buggy,cd4752ac-012d-45ee-8aa5-2188491564c9,9,True,clean
hcapo_buggy,40eeae71-ac29-4808-a618-a5fc8356f24d,50,False,clean
hcapo_buggy,600cfe8f-b24d-43cb-bc4f-d07c83a94a03,50,False,examine
hcapo_buggy,cdd95315-6e2f-44b1-bb6c-48287aac7c3d,50,False,pick_two
hcapo_buggy,96dd89db-c141-4e0e-b9e8-3cebd128b3bc,7,True,clean
hcapo_buggy,ea1b073a-ce72-4146-bea9-519663bb5fed,8,True,clean
hcapo_buggy,2a83b71f-a6fd-483d-b39e-1e69917b948e,8,True,cool
hcapo_buggy,1badda7b-f9c0-4708-868c-57ca1138a4c5,8,True,pick_place
hcapo_buggy,2de396e9-f92e-4c41-a691-6c80ce51c4fe,50,False,pick_two
hcapo_buggy,b450a220-5642-45f3-81de-300aab1a0070,6,True,cool
hcapo_buggy,1a663373-e8e8-4851-928a-4802c9e959bc,5,True,examine
hcapo_buggy,67b57ab3-5bd5-4d67-8312-7f01d1c72432,8,True,heat
hcapo_buggy,84b4fad6-ba99-4e99-b711-42207a910f0f,6,True,cool
hcapo_buggy,e3ed17de-d443-474e-9add-cc0b9e89886a,50,False,examine
hcapo_buggy,0b267b9d-ec4b-4f91-b527-ece7399a044d,19,True,pick_two
hcapo_buggy,0f835187-f0c1-4980-9a7e-f4b228de5ca5,5,True,examine
hcapo_buggy,af1a26b0-3149-4681-bf3d-1a1127a7df81,8,True,pick_place
hcapo_buggy,e9b89038-08e0-420b-971d-8e5d914f3405,9,True,cool
hcapo_buggy,030d8f39-cd20-4986-876e-01376f1669c2,8,True,clean
hcapo_buggy,0f0f3a7d-efe9-4a54-971c-0e02dd3739a7,15,True,clean
hcapo_buggy,2ae9f185-999d-4e16-8a1c-0ff9f69aa274,50,False,pick_place
hcapo_buggy,8e247ba2-042e-438f-bcf5-f89b4f22165f,5,True,pick_place
hcapo_buggy,e71a4731-6049-4f44-bda5-14af59a1e6ee,8,True,clean
hcapo_buggy,71f461e8-2aaf-4c92-a247-a8c5d26c6619,50,False,clean
hcapo_buggy,0976c0bc-4e74-48c0-9e2b-4c80af061e2a,7,True,cool
hcapo_buggy,4038b348-93e4-4fda-b37b-7c5c2d43e5b8,4,True,pick_place
hcapo_buggy,cb768ce5-524f-4be0-8bcb-da602b9112bf,5,True,pick_place
hcapo_buggy,185ef98a-ede3-41ba-835b-65bb514a2b27,10,True,cool
hcapo_buggy,bcb27942-62c1-4695-8a73-8c70afc99d42,10,True,clean
hcapo_buggy,66b22336-bb8d-4da1-a2dc-9fa358fe3e93,6,True,pick_place
hcapo_buggy,295abe2f-bccd-4586-9a34-705dc19c52f8,8,True,clean
hcapo_buggy,39ff2029-a619-4be1-b1f9-6d36c4702ada,10,True,heat
hcapo_buggy,47d0df36-c691-438f-a55b-a62d6d769363,8,True,cool
hcapo_buggy,c10699cd-ea1c-489c-939d-afa844dad79b,50,False,examine
hcapo_buggy,b8bd5ae8-e595-4b16-91d7-a5d3e4e7ff37,7,True,clean
hcapo_buggy,224b93a4-8aa6-4565-9967-7157d2821ff7,4,True,pick_place
hcapo_buggy,55a36dd9-556c-4b4a-938a-b252740f6111,11,True,heat
hcapo_buggy,faaa7d79-eced-4602-a1c4-04bf874b3fc4,4,True,pick_place
hcapo_buggy,b5d0bbd6-6eef-4abd-9524-41a62f726ce8,7,True,clean
hcapo_buggy,61536b2f-339a-4642-a2b9-935480b95f78,5,True,cool
hcapo_buggy,97b28d38-475c-43ce-acc8-14efc5101364,12,True,clean
hcapo_buggy,e2e6654f-ae7e-474d-80fa-f329a6e72eef,8,True,cool
hcapo_buggy,95fcf2fe-3007-4343-8f44-06eb967f0e07,8,True,cool
hcapo_buggy,2f5862a4-4167-4a63-b54c-e91f97be08e0,5,True,cool
hcapo_buggy,40a4f01a-d7c6-4ace-8dd5-f7c19e72cd80,7,True,pick_place
hcapo_buggy,50c47ac7-0d95-4e2e-99d5-c4b89802c0fc,7,True,clean
hcapo_buggy,5a27b8a9-7aab-422a-827c-98bfd7993d3b,50,False,clean
hcapo_buggy,c9134419-98e0-4576-b721-12ca150155d4,5,True,pick_place
hcapo_buggy,9957574b-2ac4-41dd-b38e-b83757d8d680,9,True,pick_place
hcapo_buggy,61c559c1-0e6f-4837-b16a-9b28479d9121,50,False,clean
hcapo_buggy,6377719f-78a0-4eda-9ef7-4de3972a0675,11,True,pick_place
hcapo_buggy,cdc52950-0f9d-4217-abba-7384efe760b7,4,True,pick_place
hcapo_buggy,3046f562-e3d1-4bee-a9e0-305666e8576a,5,True,examine
hcapo_buggy,e6ad1ec5-567b-4932-9304-54263d349f5f,4,True,pick_place
hcapo_buggy,612c02a2-f7c4-4e89-adf9-f668c0c841f4,7,True,examine
hcapo_buggy,3064d2aa-96ff-411a-a855-17ddc09d3521,6,True,cool
hcapo_buggy,45644e5c-d504-433b-aac3-b33a54ca1f99,32,True,heat
hcapo_buggy,74645c20-9273-4042-a5ff-97217b0c7b5a,6,True,cool
hcapo_buggy,5754424f-4370-4fcb-94ac-f2be56d295da,12,True,cool
hcapo_buggy,befe7efb-5a75-4701-a929-22545f42c249,6,True,heat
hcapo_buggy,e0e47542-f025-4071-9cc7-4a6d4a348fa0,50,False,pick_place
hcapo_buggy,14d42f4e-6ae5-49ea-a0c6-e67949b27e66,8,True,pick_two
hcapo_buggy,e6c5d98b-06c3-4e10-93af-b2e59bfc2664,4,True,pick_place
hcapo_buggy,5648f7fd-67cf-48df-81ed-c3517f4ddc47,50,False,clean
hcapo_buggy,64f85178-7d9a-45f3-844b-c5df1570ef22,50,False,examine
hcapo_paper,2fa98a6d-8325-4c3b-bc5c-9ff416eefe1e,50,False,pick_two
hcapo_paper,7938d39f-7459-48f5-bcba-90d664cf2304,8,True,pick_two
hcapo_paper,07075778-8f38-476e-9244-da51457b68c2,10,True,heat
hcapo_paper,d5b47126-dff9-433c-a2c4-be707400acc3,50,False,heat
hcapo_paper,09b37038-9e27-4981-bad7-cb88616ef863,8,True,cool
hcapo_paper,713e26c8-810c-4bca-96c3-933f463bae1d,8,True,heat
hcapo_paper,0c913748-73e8-41e9-ab26-6beed722d331,11,True,heat
hcapo_paper,31268d84-a725-4dc3-8e9b-a593e8faa24f,5,True,pick_place
hcapo_paper,b9cb7c6b-6b4a-49ae-a947-a55931d3726d,8,True,clean
hcapo_paper,5ad32c72-830c-4a60-9e25-78e0d06330ef,50,False,pick_two
hcapo_paper,2d8b09b5-c52f-4459-8f50-25e5547f26c3,50,False,examine
hcapo_paper,48390a7e-bad0-4477-b12a-97449cdc906b,9,True,pick_place
hcapo_paper,f9034cf8-ffec-4733-8317-ff1d5d1f7902,9,True,examine
hcapo_paper,48f2a5be-a2b9-4241-b404-39d82ac32668,9,True,cool
hcapo_paper,de37e76a-d5c9-4311-8d89-86b43db582e8,11,True,pick_two
hcapo_paper,95957c32-0a71-4ba7-a0cf-2053933dd384,6,True,examine
hcapo_paper,60b0c6f9-fe83-4a8e-a0f1-0fdddbb345c4,4,True,cool
hcapo_paper,bf51ebde-9d5d-4f49-807b-96eae2b63092,50,False,heat
hcapo_paper,0237de1c-35d9-48fa-bd29-4205cdc893ef,4,True,pick_place
hcapo_paper,07ef8c4e-1f7d-4ed9-8c24-69dad6dc6a10,4,True,pick_place
hcapo_paper,f8836676-f013-48db-aa59-4a154fcd5c76,16,True,examine
hcapo_paper,04d9acf3-8614-4522-beb7-478ccd2a4018,9,True,pick_place
hcapo_paper,5f1d412e-e1a9-4f3d-bc22-6c2678c84f8e,50,False,pick_place
hcapo_paper,00e6069f-b40f-4d60-8150-505889d67236,8,True,cool
hcapo_paper,01b9cc9f-aac9-41e6-bcea-d6294f502f3e,50,False,clean
hcapo_paper,f075d392-ca35-4eaf-b1cc-c78e21466000,4,True,pick_place
hcapo_paper,da3c3641-11a1-4f76-a65e-313e3ad10ab2,7,True,clean
hcapo_paper,a6c5c0c9-343c-4d2d-b472-bb2349507392,4,True,pick_place
hcapo_paper,b67d3c23-1e5c-4c06-bc59-973d80b99d85,6,True,clean
hcapo_paper,6d34cf83-af93-480e-82e4-749003f72646,6,True,examine
hcapo_paper,ad44eed9-91a7-447f-9bc8-9f9481cb02ea,7,True,clean
hcapo_paper,4d42f87a-1e73-4ac3-a6bd-3aa19ac5d9f7,6,True,clean
hcapo_paper,87336c0e-612c-4462-85f6-eafb656fc0f7,7,True,clean
hcapo_paper,b15f7eff-4e12-421b-8ac8-fcdc60dc5075,8,True,clean
hcapo_paper,b2555ebf-b3f3-4b36-aee8-c28287832048,8,True,heat
hcapo_paper,fd2c5728-43ce-43ab-b80a-97c76d7fba3d,5,True,pick_place
hcapo_paper,c702f7ca-cd76-4dea-abf5-9d034a3fd32f,6,True,examine
hcapo_paper,afbd9390-c0f5-4889-9891-63912aa74b0d,7,True,pick_place
hcapo_paper,6e00f3ac-c010-43cc-93fc-ae2b601a943e,10,True,heat
hcapo_paper,3095890c-dc6d-479a-ba78-b0726d7c4d31,7,True,cool
hcapo_paper,9e646465-b7d3-4b94-8ff7-635c1d5242b6,50,False,heat
hcapo_paper,c534184d-f9ba-4430-8748-b7356c685c24,4,True,pick_place
hcapo_paper,2bda0f66-1c23-41db-9330-6c9af11f71c3,9,True,cool
hcapo_paper,d4f1abb2-aa10-433d-b0bc-9927fae52239,50,False,pick_two
hcapo_paper,ddc123ac-3b09-4e24-9075-b4ba158820a1,5,True,pick_place
hcapo_paper,596ff046-cfae-4ccb-914a-42d0eba1eabf,8,True,clean
hcapo_paper,1b76f133-da6a-4661-9294-e20e0dd42dbd,8,True,cool
hcapo_paper,fd8df662-d5dc-4ce1-901a-1db76cdc0682,9,True,cool
hcapo_paper,c662f5fa-38bf-4f6c-b061-0708137a8dd7,7,True,cool
hcapo_paper,5fe88e25-4b68-4390-98a4-4bb1da8d8b6b,25,True,examine
hcapo_paper,74e07c62-ad2b-4433-816d-ce4172057bbb,4,True,pick_place
hcapo_paper,d60f7017-fac5-4e3c-b40f-8cad9bffe346,50,False,pick_two
hcapo_paper,50b3467f-88a0-4a94-9e49-e3dba434b85e,50,False,pick_two
hcapo_paper,fa0d0e71-4906-419d-98d1-6500453286f3,50,False,pick_place
hcapo_paper,8b1c4047-b381-4c3a-a281-0e7a9f353872,25,True,examine
hcapo_paper,a0df9135-f824-42b3-99be-c2da6bc5765e,6,True,examine
hcapo_paper,ad161963-3393-4f79-90d3-e1b78420155f,50,False,examine
hcapo_paper,38cd0000-12b7-4c97-8322-8373dce6577e,7,True,cool
hcapo_paper,7b61d7ca-dc88-43d4-b7f8-7d226998cf9a,4,True,pick_place
hcapo_paper,318e5740-61bf-4655-9554-2795f9ad289f,50,False,clean
hcapo_paper,5c53cc9b-d3c9-4afd-89ea-8b476a5703ac,50,False,clean
hcapo_paper,7a9717cf-4326-44ff-921d-00283f843033,8,True,clean
hcapo_paper,7db63c98-f241-4447-b43e-726c536c1c93,50,False,pick_two
hcapo_paper,3185696e-da34-42ae-9fa3-ab56075c922d,6,True,clean
hcapo_paper,ef1118cb-061a-4380-ab11-ae7919a9babc,9,True,examine
hcapo_paper,540b5772-90e6-4aa0-be2e-3ce78fde6837,9,True,pick_place
hcapo_paper,a9aa30cb-0ff8-42e9-914c-c1055d2c0368,7,True,pick_place
hcapo_paper,0f3e5ebe-8844-48bd-a2db-87efe70d8e69,50,False,pick_two
hcapo_paper,2c270126-0c91-4644-978b-52c8f57ef6fb,50,False,pick_place
hcapo_paper,45eb4451-935c-4053-a4f1-e7ce52a0375d,9,True,clean
hcapo_paper,ace9c743-551d-4b61-becf-51dfdc0590e2,50,False,clean
hcapo_paper,a98d71c7-cd82-419e-862c-e027154d1fa1,5,True,examine
hcapo_paper,848dfa3d-5634-48fa-9656-2f61ccff51bd,50,False,pick_two
hcapo_paper,6b0f507c-4bed-416a-ad7c-ef4d68cb1440,7,True,clean
hcapo_paper,99fda84f-1082-4aa5-b0e8-0d128af59dfa,8,True,clean
hcapo_paper,54a48c3b-7cc5-4744-940a-85b7e9500c51,9,True,cool
hcapo_paper,551da183-fe5b-485e-ac9c-0d12245cce98,9,True,pick_place
hcapo_paper,0c21246a-aed5-4e3c-b775-6c581ff7073b,50,False,pick_two
hcapo_paper,922084bb-3bce-44fc-b960-b942079fb52f,7,True,cool
hcapo_paper,29c43c29-74d8-4ae4-a331-3a0e238991d2,6,True,examine
hcapo_paper,04383557-1f53-4de8-b396-7a6d7936deeb,8,True,heat
hcapo_paper,3f0dc7ed-110a-4374-805c-797e449e270f,7,True,cool
hcapo_paper,c1f3e687-e317-4345-9872-1ee4d554208f,50,False,examine
hcapo_paper,fbda8519-4625-4e0e-90e6-1b5f8f944ec5,23,True,pick_two
hcapo_paper,44dd9a29-2236-496c-a547-f6c2929590c1,6,True,examine
hcapo_paper,b5e0366a-3ef2-4968-9b4e-2dff5b3602f6,7,True,pick_place
hcapo_paper,e6c7d73b-8ff2-4ebd-bfb7-58894ebcee14,9,True,cool
hcapo_paper,03185569-e4bc-4078-b74e-5b6308e6f1ab,8,True,clean
hcapo_paper,41459085-e2a1-4e14-8b5d-019236f12600,50,False,clean
hcapo_paper,3850d61d-1703-42de-91a2-9d76481a3c97,6,True,pick_place
hcapo_paper,a13b0543-024c-4df1-9533-687cb3f7d1a8,5,True,pick_place
hcapo_paper,f9721fcf-7af2-4bbb-bc5b-92b7542affcd,8,True,clean
hcapo_paper,70b601a1-d4ee-4962-8243-60e3709350f6,50,False,clean
hcapo_paper,7f047b17-2167-49b4-a6ad-b84907cbd9a4,8,True,cool
hcapo_paper,0936f040-5649-4d83-b8e6-4a5f48b1a4ed,4,True,pick_place
hcapo_paper,b478324a-ba88-400a-bf0b-3d3eb03ebf31,5,True,pick_place
hcapo_paper,6ac45a03-24f9-4c63-8659-4cc102df9b32,10,True,cool
hcapo_paper,c613a434-f705-4043-9574-50b1248ca983,7,True,clean
hcapo_paper,4e29b127-04e8-466b-b983-32f34c626f0b,5,True,pick_place
hcapo_paper,d3f7e8c7-21ba-468d-b8a0-97b8516491b8,9,True,clean
hcapo_paper,59a3c3ea-3f3a-4a11-a7e0-0c4c923e3ae8,11,True,heat
hcapo_paper,6b9a5ae2-008c-49bd-b2be-f014d493b960,8,True,cool
hcapo_paper,19470dcc-24c6-4a15-827c-4ed7ff2a22f0,16,True,examine
hcapo_paper,5893a248-8fed-42fe-9ad0-fc3cb6eb6056,7,True,clean
hcapo_paper,4be5fdfc-0095-4030-b6d1-96042d404989,4,True,pick_place
hcapo_paper,5332eca1-a7fd-4e0c-9947-54dd7528cc5c,9,True,heat
hcapo_paper,03fa7609-7d87-41fe-89ee-db99c09e66cd,4,True,pick_place
hcapo_paper,e10042e1-3b8c-48d3-b9ea-65de47633a24,8,True,clean
hcapo_paper,c528862e-8f5e-450c-a0aa-c865403f0314,4,True,cool
hcapo_paper,fadd89fe-9e8b-4a8f-ab5d-b0dec61e09ea,11,True,clean
hcapo_paper,d820cb91-cd9d-4215-907c-88710c23a7a4,9,True,cool
hcapo_paper,f1ff44ef-8cba-4412-a84c-10a8d05ab946,8,True,cool
hcapo_paper,10bbabf3-5007-40e2-bc6c-39aaf79c63fa,4,True,cool
hcapo_paper,14063368-2efa-43cf-857f-970eb7ef6a97,8,True,pick_place
hcapo_paper,9d15004a-4ee8-4fce-83aa-6881d042e9ef,7,True,clean
hcapo_paper,c0b50bbd-2753-4a33-b5b1-c575bc03479d,50,False,clean
hcapo_paper,9e53fff4-8531-4ccc-8890-02262053bf2a,5,True,pick_place
hcapo_paper,f1da90aa-cc8b-4c86-ae0c-d539a0344587,9,True,pick_place
hcapo_paper,10a97988-be08-428c-8a68-329e1008343c,50,False,clean
hcapo_paper,53d31c7d-f88a-4971-adc9-ed5ee469a6b0,12,True,pick_place
hcapo_paper,80c83a32-14fb-45f6-86a7-57663105fa22,4,True,pick_place
hcapo_paper,f4ea13dd-8c36-4de1-9b72-9705807be364,6,True,examine
hcapo_paper,cffc4c24-22f4-4372-952b-59ecc57d56c8,4,True,pick_place
hcapo_paper,42a3a435-312f-4a8b-b9b2-9d30beac0730,6,True,examine
hcapo_paper,bb7ca743-2572-4916-b170-31d84e2ef381,7,True,cool
hcapo_paper,4b8b7f82-27f2-46ed-a571-d33fe2557730,8,True,heat
hcapo_paper,365c731d-ddaf-4366-8294-90f070728100,7,True,cool
hcapo_paper,a6c14d98-b5d3-4a6d-a40e-1ddaf5bb5469,10,True,cool
hcapo_paper,4d4e5ba8-6fe6-4f33-b3d7-0c0127ad80f5,8,True,heat
hcapo_paper,14e1cb6e-3c9c-4ccc-9593-0fdacd769e6b,50,False,pick_place
hcapo_paper,5890e446-763c-40c4-a09b-7648ba70da32,8,True,pick_two
hcapo_paper,f23639f0-e4dc-43cd-86b7-8cd64edeb739,4,True,pick_place
hcapo_paper,d5ecbfd8-d36f-496c-8a4f-2b9ed7fd2037,50,False,clean
hcapo_paper,58dd4d2b-29c9-4341-becc-0545991b5240,50,False,examine
